<?xml version="1.0" encoding="UTF-8"?>
<!DOCTYPE mapper PUBLIC "-//mybatis.org//DTD Mapper 3.0//EN" "http://mybatis.org/dtd/mybatis-3-mapper.dtd">

<mapper namespace="com.bootdo.system.dao.BootdoDao">

	<select id="get" resultType="com.bootdo.system.domain.BootdoDO">
		select `id`,`name` from bootdo where id = #{value}
	</select>

	<select id="list" resultType="com.bootdo.system.domain.BootdoDO">
		select `id`,`name` from bootdo
        <where>  
		  		  <if test="id != null and id != ''"> and id = #{id} </if>
		  		  <if test="name != null and name != ''"> and name = #{name} </if>
		  		</where>
        <choose>
            <when test="sort != null and sort.trim() != ''">
                order by ${sort} ${order}
            </when>
			<otherwise>
                order by id desc
			</otherwise>
        </choose>
		<if test="offset != null and limit != null">
			limit #{offset}, #{limit}
		</if>
	</select>
	
 	<select id="count" resultType="int">
		select count(*) from bootdo
		 <where>  
		  		  <if test="id != null and id != ''"> and id = #{id} </if>
		  		  <if test="name != null and name != ''"> and name = #{name} </if>
		  		</where>
	</select>
	 
	<insert id="save" parameterType="com.bootdo.system.domain.BootdoDO" useGeneratedKeys="true" keyProperty="id">
		insert into bootdo
		(
			`name`
		)
		values
		(
			#{name}
		)
	</insert>
	 
	<update id="update" parameterType="com.bootdo.system.domain.BootdoDO">
		update bootdo 
		<set>
			<if test="name != null">`name` = #{name}</if>
		</set>
		where id = #{id}
	</update>
	
	<delete id="remove">
		delete from bootdo where id = #{value}
	</delete>
	
	<delete id="batchRemove">
		delete from bootdo where id in 
		<foreach item="id" collection="array" open="(" separator="," close=")">
			#{id}
		</foreach>
	</delete>

</mapper>