<?xml version="1.0" encoding="UTF-8"?>
<!DOCTYPE mapper PUBLIC "-//mybatis.org//DTD Mapper 3.0//EN" "http://mybatis.org/dtd/mybatis-3-mapper.dtd">

<mapper namespace="com.bootdo.system.dao.WebsiteDao">

	<select id="get" resultType="com.bootdo.system.domain.WebsiteDO">
		select `id`,`title`,`keyword`,`descr`,`phone`,`mail`,`baknum`,`versions` from website where id = #{value}
	</select>

	<select id="list" resultType="com.bootdo.system.domain.WebsiteDO">
		select `id`,`title`,`keyword`,`descr`,`phone`,`mail`,`baknum`,`versions` from website
        <where>  
		  		  <if test="id != null and id != ''"> and id = #{id} </if>
		  		  <if test="title != null and title != ''"> and title = #{title} </if>
		  		  <if test="keyword != null and keyword != ''"> and keyword = #{keyword} </if>
		  		  <if test="descr != null and descr != ''"> and descr = #{descr} </if>
		  		  <if test="phone != null and phone != ''"> and phone = #{phone} </if>
		  		  <if test="mail != null and mail != ''"> and mail = #{mail} </if>
		  		  <if test="baknum != null and baknum != ''"> and baknum = #{baknum} </if>
		  		  <if test="versions != null and versions != ''"> and versions = #{versions} </if>
		  		</where>
        <choose>
            <when test="sort != null and sort.trim() != ''">
                order by ${sort} ${order}
            </when>
			<otherwise>
                order by id desc
			</otherwise>
        </choose>
		<if test="offset != null and limit != null">
			limit #{offset}, #{limit}
		</if>
	</select>
	
 	<select id="count" resultType="int">
		select count(*) from website
		 <where>  
		  		  <if test="id != null and id != ''"> and id = #{id} </if>
		  		  <if test="title != null and title != ''"> and title = #{title} </if>
		  		  <if test="keyword != null and keyword != ''"> and keyword = #{keyword} </if>
		  		  <if test="descr != null and descr != ''"> and descr = #{descr} </if>
		  		  <if test="phone != null and phone != ''"> and phone = #{phone} </if>
		  		  <if test="mail != null and mail != ''"> and mail = #{mail} </if>
		  		  <if test="baknum != null and baknum != ''"> and baknum = #{baknum} </if>
		  		  <if test="versions != null and versions != ''"> and versions = #{versions} </if>
		  		</where>
	</select>
	 
	<insert id="save" parameterType="com.bootdo.system.domain.WebsiteDO" useGeneratedKeys="true" keyProperty="id">
		insert into website
		(
			`title`, 
			`keyword`, 
			`descr`, 
			`phone`, 
			`mail`, 
			`baknum`, 
			`versions`
		)
		values
		(
			#{title}, 
			#{keyword}, 
			#{descr}, 
			#{phone}, 
			#{mail}, 
			#{baknum}, 
			#{versions}
		)
	</insert>
	 
	<update id="update" parameterType="com.bootdo.system.domain.WebsiteDO">
		update website 
		<set>
			<if test="title != null">`title` = #{title}, </if>
			<if test="keyword != null">`keyword` = #{keyword}, </if>
			<if test="descr != null">`descr` = #{descr}, </if>
			<if test="phone != null">`phone` = #{phone}, </if>
			<if test="mail != null">`mail` = #{mail}, </if>
			<if test="baknum != null">`baknum` = #{baknum}, </if>
			<if test="versions != null">`versions` = #{versions}</if>
		</set>
		where id = #{id}
	</update>
	
	<delete id="remove">
		delete from website where id = #{value}
	</delete>
	
	<delete id="batchRemove">
		delete from website where id in 
		<foreach item="id" collection="array" open="(" separator="," close=")">
			#{id}
		</foreach>
	</delete>

</mapper>